Field,ID,Type (Type),default,af-ZA,am-ET,ar-AE,ar-BH,ar-DZ,ar-EG,ar-IQ,ar-JO,ar-KW,ar-LB,ar-LY,ar-MA,ar-OM,ar-QA,ar-SA,ar-SY,ar-TN,ar-YE,as-IN,az-Cyrl-AZ,az-Cyrl,az-Latn-AZ,az-Latn,bg-BG,bn-BD,bn-IN,bs-Cyrl-BA,bs-Cyrl,bs-Latn-BA,bs-Latn,ca-ES,cs-CZ,cy-GB,da-DK,de-AT,de-CH,de-DE,de-LI,de-LU,el-GR,en-029,en-AU,en-BZ,en-CA,en-GB,en-HK,en-ID,en-IE,en-IN,en-JM,en-MT,en-MY,en-NZ,en-PH,en-PK,en-SG,en-TT,en-US,en-ZA,en-ZW,es-419,es-AR,es-BO,es-CL,es-CO,es-CR,es-DO,es-EC,es-ES,es-GT,es-HN,es-MX,es-NI,es-PA,es-PE,es-PR,es-PY,es-SV,es-US,es-UY,es-VE,et-EE,fa-IR,fi-FI,fil-PH,fr-029,fr-CD,fr-CI,fr-CM,fr-HT,fr-LU,fr-MA,fr-MC,fr-ML,fr-RE,ga-IE,gu-IN,he-IL,hi-IN,hr-BA,hr-HR,hu-HU,hy-AM,id-ID,is-IS,it-CH,it-IT,ja-JP,ka-GE,kk-KZ,km-KH,kn-IN,ko-KR,ky-KG,lo-LA,lt-LT,lv-LV,mi-NZ,mk-MK,ml-IN,mn-Mong,mr-IN,ms-BN,ms-MY,mt-MT,nb-NO,ne-NP,nl-BE,nl-NL,or-IN,pa-Arab-PK,pa-Arab,pl-PL,pt-BR,pt-PT,ro-RO,ru-RU,sk-SK,sl-SI,sq-AL,sr-Cyrl-BA,sr-Cyrl-ME,sr-Cyrl-RS,sr-Cyrl,sr-Latn-BA,sr-Latn-ME,sr-Latn-RS,sr-Latn,sv-FI,sv-SE,sw-KE,ta-IN,te-IN,th-TH,ti-ET,tk-TM,tr-TR,tt-RU,ug-CN,uk-UA,ur-PK,uz-Cyrl,uz-Latn-UZ,uz-Latn,vi-VN,zh-Hans-CN,zh-Hans-SG,zh-Hans,zh-Hant-HK,zh-Hant-MO,zh-Hant-TW,zh-Hant
Description,2,Text,,"Met hierdie intekening sal u ontvang:
● Onbeperkte kapasiteit
● Synchronisasie van toestelle (by beskikbaarheid)","በዚህ የደንበኝነት ምዝገባ ይቀበሉዎታል
● ያልተገደበ አቅም
● የመሣሪያ ማመሳሰል (ተገኝነት ላይ)","مع هذا الاشتراك ستتلقى:
● سعة غير محدودة
● مزامنة الجهاز (عند التوفر)","مع هذا الاشتراك ستتلقى:
● سعة غير محدودة
● مزامنة الجهاز (عند التوفر)","مع هذا الاشتراك ستتلقى:
● سعة غير محدودة
● مزامنة الجهاز (عند التوفر)","مع هذا الاشتراك ستتلقى:
● سعة غير محدودة
● مزامنة الجهاز (عند التوفر)","مع هذا الاشتراك ستتلقى:
● سعة غير محدودة
● مزامنة الجهاز (عند التوفر)","مع هذا الاشتراك ستتلقى:
● سعة غير محدودة
● مزامنة الجهاز (عند التوفر)","مع هذا الاشتراك ستتلقى:
● سعة غير محدودة
● مزامنة الجهاز (عند التوفر)","مع هذا الاشتراك ستتلقى:
● سعة غير محدودة
● مزامنة الجهاز (عند التوفر)","مع هذا الاشتراك ستتلقى:
● سعة غير محدودة
● مزامنة الجهاز (عند التوفر)","مع هذا الاشتراك ستتلقى:
● سعة غير محدودة
● مزامنة الجهاز (عند التوفر)","مع هذا الاشتراك ستتلقى:
● سعة غير محدودة
● مزامنة الجهاز (عند التوفر)","مع هذا الاشتراك ستتلقى:
● سعة غير محدودة
● مزامنة الجهاز (عند التوفر)","مع هذا الاشتراك ستتلقى:
● سعة غير محدودة
● مزامنة الجهاز (عند التوفر)","مع هذا الاشتراك ستتلقى:
● سعة غير محدودة
● مزامنة الجهاز (عند التوفر)","مع هذا الاشتراك ستتلقى:
● سعة غير محدودة
● مزامنة الجهاز (عند التوفر)","مع هذا الاشتراك ستتلقى:
● سعة غير محدودة
● مزامنة الجهاز (عند التوفر)","এই স্বাক্ষৰণৰ সৈতে আপুনি লাভ কৰিব:
সীমাহীন ক্ষমতা
● ডিভাইচ সিঙ্কিং (প্ৰাপ্যতাৰ ওপৰত)","Bu abunə ilə alacaqsınız:
● Limitsiz tutum
● Cihaz sinxronizasiyası (mövcudluğu ilə)","Bu abunə ilə alacaqsınız:
● Limitsiz tutum
● Cihaz sinxronizasiyası (mövcudluğu ilə)","Bu abunə ilə alacaqsınız:
● Limitsiz tutum
● Cihaz sinxronizasiyası (mövcudluğu ilə)","Bu abunə ilə alacaqsınız:
● Limitsiz tutum
● Cihaz sinxronizasiyası (mövcudluğu ilə)","С този абонамент ще получите:
● Неограничен капацитет
● Синсиране на устройството (при наличност)","এই সাবস্ক্রিপশন সহ আপনি পাবেন:
● সীমাহীন ক্ষমতা
● ডিভাইস সিঙ্কিং (প্রাপ্যতার পরে)","এই সাবস্ক্রিপশন সহ আপনি পাবেন:
● সীমাহীন ক্ষমতা
● ডিভাইস সিঙ্কিং (প্রাপ্যতার পরে)","Ovom pretplatom primit ćete:
● Neograničen kapacitet
● Sinkronizacija uređaja (po dostupnosti)","Ovom pretplatom primit ćete:
● Neograničen kapacitet
● Sinkronizacija uređaja (po dostupnosti)","Ovom pretplatom primit ćete:
● Neograničen kapacitet
● Sinkronizacija uređaja (po dostupnosti)","Ovom pretplatom primit ćete:
● Neograničen kapacitet
● Sinkronizacija uređaja (po dostupnosti)","Amb aquesta subscripció rebrà:
● Capacitat il·limitada
● Sincronització del dispositiu (després de la disponibilitat)","S tímto předplatným obdržíte:
● Neomezená kapacita
● Synnging zařízení (po dostupnosti)","Gyda'r tanysgrifiad hwn byddwch yn derbyn:
● Capasiti diderfyn
● Cydamseru dyfeisiau (ar gael)","Med dette abonnement vil du modtage:
● Ubegrænset kapacitet
● Synkronisering af enheder (efter tilgængelighed)","Mit diesem Abonnement erhalten Sie:
● Unbegrenzte Kapazität
● Gerätesynchronisierung (bei Verfügbarkeit)","Mit diesem Abonnement erhalten Sie:
● Unbegrenzte Kapazität
● Gerätesynchronisierung (bei Verfügbarkeit)","Mit diesem Abonnement erhalten Sie:
● Unbegrenzte Kapazität
● Gerätesynchronisierung (bei Verfügbarkeit)","Mit diesem Abonnement erhalten Sie:
● Unbegrenzte Kapazität
● Gerätesynchronisierung (bei Verfügbarkeit)","Mit diesem Abonnement erhalten Sie:
● Unbegrenzte Kapazität
● Gerätesynchronisierung (bei Verfügbarkeit)","Με αυτήν τη συνδρομή θα λάβετε:
● Απεριόριστη χωρητικότητα
● Συγχρονισμός συσκευών (μετά τη διαθεσιμότητα)","With this subscription you will receive:
● unlimited capacity
● device syncing (upon availability)","With this subscription you will receive:
● unlimited capacity
● device syncing (upon availability)","With this subscription you will receive:
● unlimited capacity
● device syncing (upon availability)","With this subscription you will receive:
● unlimited capacity
● device syncing (upon availability)","With this subscription you will receive:
● unlimited capacity
● device syncing (upon availability)","With this subscription you will receive:
● unlimited capacity
● device syncing (upon availability)","With this subscription you will receive:
● unlimited capacity
● device syncing (upon availability)","With this subscription you will receive:
● unlimited capacity
● device syncing (upon availability)","With this subscription you will receive:
● unlimited capacity
● device syncing (upon availability)","With this subscription you will receive:
● unlimited capacity
● device syncing (upon availability)","With this subscription you will receive:
● unlimited capacity
● device syncing (upon availability)","With this subscription you will receive:
● unlimited capacity
● device syncing (upon availability)","With this subscription you will receive:
● unlimited capacity
● device syncing (upon availability)","With this subscription you will receive:
● unlimited capacity
● device syncing (upon availability)","With this subscription you will receive:
● unlimited capacity
● device syncing (upon availability)","With this subscription you will receive:
● unlimited capacity
● device syncing (upon availability)","With this subscription you will receive:
● unlimited capacity
● device syncing (upon availability)","With this subscription you will receive:
● unlimited capacity
● device syncing (upon availability)","With this subscription you will receive:
● unlimited capacity
● device syncing (upon availability)","With this subscription you will receive:
● unlimited capacity
● device syncing (upon availability)","Con esta suscripción recibirá:
● Capacidad ilimitada
● Sincronización de dispositivos (tras disponibilidad)","Con esta suscripción recibirá:
● Capacidad ilimitada
● Sincronización de dispositivos (tras disponibilidad)","Con esta suscripción recibirá:
● Capacidad ilimitada
● Sincronización de dispositivos (tras disponibilidad)","Con esta suscripción recibirá:
● Capacidad ilimitada
● Sincronización de dispositivos (tras disponibilidad)","Con esta suscripción recibirá:
● Capacidad ilimitada
● Sincronización de dispositivos (tras disponibilidad)","Con esta suscripción recibirá:
● Capacidad ilimitada
● Sincronización de dispositivos (tras disponibilidad)","Con esta suscripción recibirá:
● Capacidad ilimitada
● Sincronización de dispositivos (tras disponibilidad)","Con esta suscripción recibirá:
● Capacidad ilimitada
● Sincronización de dispositivos (tras disponibilidad)","Con esta suscripción recibirá:
● Capacidad ilimitada
● Sincronización de dispositivos (tras disponibilidad)","Con esta suscripción recibirá:
● Capacidad ilimitada
● Sincronización de dispositivos (tras disponibilidad)","Con esta suscripción recibirá:
● Capacidad ilimitada
● Sincronización de dispositivos (tras disponibilidad)","Con esta suscripción recibirá:
● Capacidad ilimitada
● Sincronización de dispositivos (tras disponibilidad)","Con esta suscripción recibirá:
● Capacidad ilimitada
● Sincronización de dispositivos (tras disponibilidad)","Con esta suscripción recibirá:
● Capacidad ilimitada
● Sincronización de dispositivos (tras disponibilidad)","Con esta suscripción recibirá:
● Capacidad ilimitada
● Sincronización de dispositivos (tras disponibilidad)","Con esta suscripción recibirá:
● Capacidad ilimitada
● Sincronización de dispositivos (tras disponibilidad)","Con esta suscripción recibirá:
● Capacidad ilimitada
● Sincronización de dispositivos (tras disponibilidad)","Con esta suscripción recibirá:
● Capacidad ilimitada
● Sincronización de dispositivos (tras disponibilidad)","Con esta suscripción recibirá:
● Capacidad ilimitada
● Sincronización de dispositivos (tras disponibilidad)","Con esta suscripción recibirá:
● Capacidad ilimitada
● Sincronización de dispositivos (tras disponibilidad)","Con esta suscripción recibirá:
● Capacidad ilimitada
● Sincronización de dispositivos (tras disponibilidad)","Selle tellimusega saate:
● Piiramatu võimsus
● Seadme sünkroonimine (saadavuse korral)","با این اشتراک دریافت خواهید کرد:
● ظرفیت نامحدود
● همگام سازی دستگاه (در صورت در دسترس بودن)","Tällä tilauksella saat:
● Rajoittamaton kapasiteetti
● Laitteen synkronointi (saatavuuden yhteydessä)","Sa subscription na ito ay matatanggap mo:
● Walang limitasyong kapasidad
● Pag -sync ng aparato (sa pagkakaroon)","Avec cet abonnement, vous recevrez:
● Capacité illimitée
● Synchronisation des appareils (sur disponibilité)","Avec cet abonnement, vous recevrez:
● Capacité illimitée
● Synchronisation des appareils (sur disponibilité)","Avec cet abonnement, vous recevrez:
● Capacité illimitée
● Synchronisation des appareils (sur disponibilité)","Avec cet abonnement, vous recevrez:
● Capacité illimitée
● Synchronisation des appareils (sur disponibilité)","Avec cet abonnement, vous recevrez:
● Capacité illimitée
● Synchronisation des appareils (sur disponibilité)","Avec cet abonnement, vous recevrez:
● Capacité illimitée
● Synchronisation des appareils (sur disponibilité)","Avec cet abonnement, vous recevrez:
● Capacité illimitée
● Synchronisation des appareils (sur disponibilité)","Avec cet abonnement, vous recevrez:
● Capacité illimitée
● Synchronisation des appareils (sur disponibilité)","Avec cet abonnement, vous recevrez:
● Capacité illimitée
● Synchronisation des appareils (sur disponibilité)","Avec cet abonnement, vous recevrez:
● Capacité illimitée
● Synchronisation des appareils (sur disponibilité)","Leis an síntiús seo gheobhaidh tú:
● Cumas neamhtheoranta
● Syncing feiste (ar infhaighteacht)","આ સબ્સ્ક્રિપ્શન સાથે તમે પ્રાપ્ત કરશો:
● અમર્યાદિત ક્ષમતા
● ડિવાઇસ સિંકિંગ (ઉપલબ્ધતા પર)","עם מנוי זה תקבל:
● קיבולת בלתי מוגבלת
● סנכרון מכשירים (עם זמינות)","इस सदस्यता के साथ आपको प्राप्त होगा:
● असीमित क्षमता
● डिवाइस सिंकिंग (उपलब्धता पर)","Uz ovu pretplatu dobit ćete:
● Neograničeni kapacitet
● Sinkronizacija uređaja (nakon dostupnosti)","Uz ovu pretplatu dobit ćete:
● Neograničeni kapacitet
● Sinkronizacija uređaja (nakon dostupnosti)","Ezzel az előfizetéssel megkapja:
● Korlátlan kapacitás
● Az eszköz szinkronizálása (a rendelkezésre állás alapján)","Այս բաժանորդագրությամբ դուք կստանաք.
● Անսահմանափակ կարողություն
● սարքի համաժամեցում (առկայությունից հետո)","Dengan langganan ini Anda akan menerima:
● Kapasitas tidak terbatas
● Sinkronisasi perangkat (atas ketersediaan)","Með þessari áskrift færðu:
● Ótakmarkað afkastageta
● Samstilling tæki (við framboð)","Con questo abbonamento riceverai:
● Capacità illimitata
● Sincronizzazione del dispositivo (su disponibilità)","Con questo abbonamento riceverai:
● Capacità illimitata
● Sincronizzazione del dispositivo (su disponibilità)","このサブスクリプションを使用すると、以下を受け取ります。
●無制限の容量
●デバイスの同期（可用性）","ამ გამოწერით მიიღებთ:
● შეუზღუდავი სიმძლავრე
● მოწყობილობის სინქრონიზაცია (ხელმისაწვდომობის საფუძველზე)","Осы жазылыммен сіз мыналарды аласыз:
● шексіз сыйымдылық
● Құрылғыны синхрондау (қол жетімділігі бойынша)","ជាមួយនឹងការជាវនេះអ្នកនឹងទទួលបាន:
●សមត្ថភាពគ្មានដែនកំណត់
●ការធ្វើសមកាលកម្មឧបករណ៍ (លើភាពអាចរកបាន)","ಈ ಚಂದಾದಾರಿಕೆಯೊಂದಿಗೆ ನೀವು ಸ್ವೀಕರಿಸುತ್ತೀರಿ:
ಅನಿಯಮಿತ ಸಾಮರ್ಥ್ಯ
● ಸಾಧನ ಸಿಂಕ್ ಮಾಡಲಾಗುತ್ತಿದೆ (ಲಭ್ಯತೆಯ ನಂತರ)","이 구독을 사용하면 다음을 받게됩니다.
● 무제한 용량
● 장치 동기화 (가용성시)","Бул жазылуу менен сиз аласыз:
● Чексиз кубаттуулук
● Түзмөк шайкештештирүү (бар болсо)","ດ້ວຍການສະຫມັກສະມາຊິກນີ້ທ່ານຈະໄດ້ຮັບ:
●ຄວາມສາມາດບໍ່ຈໍາກັດ
●ການຊິ້ງຂໍ້ມູນຂອງອຸປະກອນ (ຕາມຄວາມພ້ອມ)","Su šia prenumerata gausite:
● Neribotas pajėgumas
● Įrenginio sinchronizavimas (esant prieinamumui)","Ar šo abonementu jūs saņemsiet:
● Neierobežota ietilpība
● Ierīces sinhronizēšana (pēc pieejamības)","Ma tenei ohaurunga ka whiwhi koe:
● Te kaha kore mutunga
● Pūrere Te Hanga (I te Atu)","Со оваа претплата ќе ја добиете:
● Неограничен капацитет
● Синхронизација на уредот (по достапност)","ഈ സബ്സ്ക്രിപ്ഷൻ ഉപയോഗിച്ച് നിങ്ങൾക്ക് ലഭിക്കും:
● പരിധിയില്ലാത്ത ശേഷി
● ഉപകരണ സമന്വയം (ലഭ്യതയ്ക്ക്)","Энэ захиалгыг та хүлээн авах болно:
● Хязгааргүй хүчин чадал
● Төхөөрөмжийн синхрончлох (бэлэн бол)","या सदस्यता सह आपल्याला प्राप्त होईल:
● अमर्यादित क्षमता
● डिव्हाइस समक्रमण (उपलब्धतेनंतर)","Dengan langganan ini anda akan terima:
● Kapasiti tanpa had
● Penyegerakan peranti (apabila ketersediaan)","Dengan langganan ini anda akan terima:
● Kapasiti tanpa had
● Penyegerakan peranti (apabila ketersediaan)","B'dan l-abbonament tirċievi:
● Kapaċità bla limitu
● Sinkronizzazzjoni tal-apparat (wara d-disponibbiltà)","Med dette abonnementet vil du motta:
● Ubegrenset kapasitet
● Synkronisering av enheter (ved tilgjengelighet)","यस सदस्यतासँग तपाईंले प्राप्त गर्नुहुनेछ:
● असीमित क्षमता
● उपकरण सिंक गर्दै (उपलब्धतामा)","Met dit abonnement ontvangt u:
● Onbeperkte capaciteit
● Synchronisatie van apparaten (bij beschikbaarheid)","Met dit abonnement ontvangt u:
● Onbeperkte capaciteit
● Synchronisatie van apparaten (bij beschikbaarheid)","ଏହି ସଦସ୍ୟତା ସହିତ ଆପଣ ପାଇବେ:
U ଅସୀମିତ କ୍ଷମତା |
● ଉପକରଣ ସିଙ୍କିଂ (ଉପଲବ୍ଧତା ଉପରେ)","ਇਸ ਗਾਹਕੀ ਦੇ ਨਾਲ ਤੁਸੀਂ ਪ੍ਰਾਪਤ ਕਰੋਗੇ:
● ਅਸੀਮਤ ਸਮਰੱਥਾ
● ਡਿਵਾਈਸ ਸਿੰਚਿੰਗ (ਉਪਲਬਧਤਾ ਉੱਤੇ)","ਇਸ ਗਾਹਕੀ ਦੇ ਨਾਲ ਤੁਸੀਂ ਪ੍ਰਾਪਤ ਕਰੋਗੇ:
● ਅਸੀਮਤ ਸਮਰੱਥਾ
● ਡਿਵਾਈਸ ਸਿੰਚਿੰਗ (ਉਪਲਬਧਤਾ ਉੱਤੇ)","Dzięki tej subskrypcji otrzymasz:
● Nieograniczona pojemność
● Synchronizacja urządzeń (po dostępności)","Com esta assinatura, você receberá:
● Capacidade ilimitada
● Sincronização de dispositivos (mediante disponibilidade)","Com esta assinatura, você receberá:
● Capacidade ilimitada
● Sincronização de dispositivos (mediante disponibilidade)","Cu acest abonament veți primi:
● Capacitate nelimitată
● Sincronizarea dispozitivului (la disponibilitate)","С этой подпиской вы получите:
● Неограниченная емкость
● Синхронизация устройства (при наличии)","S týmto predplatným dostanete:
● Neobmedzená kapacita
● Synchronizácia zariadenia (po dostupnosti)","S to naročnino boste prejeli:
● Neomejena zmogljivost
● Sinhronizacija naprave (ob razpoložljivosti)","Me këtë pajtim do të merrni:
● Kapaciteti i pakufizuar
● Sinkronizimi i pajisjes (me disponueshmërinë)","Помоћу ове претплате ћете добити:
● Неограничени капацитет
● Синхронизација уређаја (на расположивости)","Помоћу ове претплате ћете добити:
● Неограничени капацитет
● Синхронизација уређаја (на расположивости)","Помоћу ове претплате ћете добити:
● Неограничени капацитет
● Синхронизација уређаја (на расположивости)","Помоћу ове претплате ћете добити:
● Неограничени капацитет
● Синхронизација уређаја (на расположивости)","Помоћу ове претплате ћете добити:
● Неограничени капацитет
● Синхронизација уређаја (на расположивости)","Помоћу ове претплате ћете добити:
● Неограничени капацитет
● Синхронизација уређаја (на расположивости)","Помоћу ове претплате ћете добити:
● Неограничени капацитет
● Синхронизација уређаја (на расположивости)","Помоћу ове претплате ћете добити:
● Неограничени капацитет
● Синхронизација уређаја (на расположивости)","Med detta prenumeration får du:
● Obegränsad kapacitet
● device syncing (upon availability)","Med detta prenumeration får du:
● Obegränsad kapacitet
● Enhetssynkronisering (vid tillgänglighet)","Na usajili huu utapokea:
● Uwezo usio na kikomo
● Usawazishaji wa kifaa (juu ya kupatikana)","இந்த சந்தாவுடன் நீங்கள் பெறுவீர்கள்:
● வரம்பற்ற திறன்
ஒத்திசைவு (கிடைத்தவுடன்)","ఈ సభ్యత్వంతో మీరు అందుకుంటారు:
అపరిమిత సామర్థ్యం
పరికర సమకాలీకరణ (లభ్యతపై)","ด้วยการสมัครรับข้อมูลนี้คุณจะได้รับ:
●กำลังการผลิตไม่ จำกัด
●การซิงค์อุปกรณ์ (ตามความพร้อม)","በዚ ምዝገባ እዚ ክትረኽቦ ኢኻ፤
● ደረት ኣልቦ ዓቕሚ .
● ናይ መሳርሒ ምትእስሳር (ኣብ ልዕሊ ምህላው)","Bu abunalygy bilen alarsyňyz:
● Çäklendirilmedik kuwwat
● Enjam sinhronlamak (elýeterliligiň dowamynda)","Bu abonelikle:
● Sınırsız kapasite
● Cihaz senkronizasyonu (kullanılabilirlik üzerine)","Бу язылу белән сез кабул итәрсез:
● Чикләнмәгән сыйдырышлык
● Deайланма синхрары (барлыгы буенча)","سىز تاپشۇرۇۋالىدىغان بۇ مۇشتەرىلىك بىلەن:
● چەكسىز ئىقتىدار
● ئۈسكۈنە ماسقەدەملەش (ئىشلەتكىلى بولىدۇ)","За допомогою цієї підписки ви отримаєте:
● Необмежена ємність
● синхронізація пристроїв (на наявність)","اس رکنیت کے ساتھ آپ کو ملے گا:
lim لامحدود صلاحیت
● آلہ کی مطابقت پذیری (دستیابی پر)","Ushbu obuna bilan siz olasiz:
● unlimited capacity
● device syncing (upon availability)","Ushbu obuna bilan siz olasiz:
● Cheksiz sig'im
● Qurilma sinxronlash (mavjudligi bilan)","Ushbu obuna bilan siz olasiz:
● unlimited capacity
● device syncing (upon availability)","Với đăng ký này, bạn sẽ nhận được:
● Công suất không giới hạn
● Đồng bộ hóa thiết bị (khi có sẵn)","通过此订阅，您将收到：
●无限能力
●设备同步（可用）","通过此订阅，您将收到：
●无限能力
●设备同步（可用）","通过此订阅，您将收到：
●无限能力
●设备同步（可用）","通過此訂閱，您將收到：
●無限能力
●設備同步（可用）","通過此訂閱，您將收到：
●無限能力
●設備同步（可用）","通過此訂閱，您將收到：
●無限能力
●設備同步（可用）","通過此訂閱，您將收到：
●無限能力
●設備同步（可用）"
Title,4,Text,,Onbeperk - maandeliks,ያልተገደበ - በየወሩ,غير محدود - شهريًا,غير محدود - شهريًا,غير محدود - شهريًا,غير محدود - شهريًا,غير محدود - شهريًا,غير محدود - شهريًا,غير محدود - شهريًا,غير محدود - شهريًا,غير محدود - شهريًا,غير محدود - شهريًا,غير محدود - شهريًا,غير محدود - شهريًا,غير محدود - شهريًا,غير محدود - شهريًا,غير محدود - شهريًا,غير محدود - شهريًا,Unlimited - মাসিক,Limitsiz - aylıq,Limitsiz - aylıq,Limitsiz - aylıq,Limitsiz - aylıq,Неограничен - месечно,সীমাহীন - মাসিক,সীমাহীন - মাসিক,Neograničeno - mesečno,Neograničeno - mesečno,Neograničeno - mesečno,Neograničeno - mesečno,Il·limitat: mensual,Neomezené - měsíčně,Diderfyn - misol,Ubegrænset - månedligt,Unbegrenzt - monatlich,Unbegrenzt - monatlich,Unbegrenzt - monatlich,Unbegrenzt - monatlich,Unbegrenzt - monatlich,Απεριόριστο - μηνιαία,Unlimited - Monthly,Unlimited - Monthly,Unlimited - Monthly,Unlimited - Monthly,Unlimited - Monthly,Unlimited - Monthly,Unlimited - Monthly,Unlimited - Monthly,Unlimited - Monthly,Unlimited - Monthly,Unlimited - Monthly,Unlimited - Monthly,Unlimited - Monthly,Unlimited - Monthly,Unlimited - Monthly,Unlimited - Monthly,Unlimited - Monthly,Unlimited - Monthly,Unlimited - Monthly,Unlimited - Monthly,Ilimitado - mensualmente,Ilimitado - mensualmente,Ilimitado - mensualmente,Ilimitado - mensualmente,Ilimitado - mensualmente,Ilimitado - mensualmente,Ilimitado - mensualmente,Ilimitado - mensualmente,Ilimitado - mensualmente,Ilimitado - mensualmente,Ilimitado - mensualmente,Ilimitado - mensualmente,Ilimitado - mensualmente,Ilimitado - mensualmente,Ilimitado - mensualmente,Ilimitado - mensualmente,Ilimitado - mensualmente,Ilimitado - mensualmente,Ilimitado - mensualmente,Ilimitado - mensualmente,Ilimitado - mensualmente,Piiramatu - igakuine,نامحدود - ماهانه,Rajoittamaton - kuukausittain,Walang limitasyong - Buwanang,Illimité - mensuel,Illimité - mensuel,Illimité - mensuel,Illimité - mensuel,Illimité - mensuel,Illimité - mensuel,Illimité - mensuel,Illimité - mensuel,Illimité - mensuel,Illimité - mensuel,Unlimited - Míosúil,અમર્યાદિત - માસિક,ללא הגבלה - חודשי,असीमित - मासिक,Neograničeno - mjesečno,Neograničeno - mjesečno,Korlátlan - havonta,Անսահմանափակ - ամսական,Tidak Terbatas - Bulanan,Ótakmarkað - mánaðarlega,Unlimited - Monthly,Unlimited - Monthly,無制限 - 毎月,შეუზღუდავი - ყოველთვიური,Шексіз - ай сайын,គ្មានដែនកំណត់ - ប្រចាំខែ,ಅನಿಯಮಿತ - ಮಾಸಿಕ,무제한 - 월별,Чексиз - Ай сайын,ບໍ່ຈໍາກັດ - ປະຈໍາເດືອນ,Neribotas - kas mėnesį,Neierobežots - mēnesis,Mutunga kore - ia marama,Неограничено - месечно,പരിധിയില്ലാത്തത് - പ്രതിമാസം,Хязгааргүй - Сар бүр,अमर्यादित - मासिक,Tanpa Had - Bulanan,Tanpa Had - Bulanan,Unlimited - kull xahar,Ubegrenset - månedlig,असीमित - मासिक,Onbeperkt - maandelijks,Onbeperkt - maandelijks,ଅସୀମିତ - ମାସିକ |,ਅਸੀਮਤ - ਮਾਸਿਕ,ਅਸੀਮਤ - ਮਾਸਿਕ,Nieograniczone - co miesiąc,Ilimitado - mensalmente,Ilimitado - mensalmente,Nelimitat - lunar,Неограниченное - ежемесячно,Neobmedzený - mesačný,Neomejeno - mesečno,I pakufizuar - mujor,Неограничено - месечно,Неограничено - месечно,Неограничено - месечно,Неограничено - месечно,Неограничено - месечно,Неограничено - месечно,Неограничено - месечно,Неограничено - месечно,Obegränsat - varje månad,Obegränsat - varje månad,Isiyo na kikomo - kila mwezi,வரம்பற்ற - மாதாந்திர,అపరిమిత - నెలవారీ,ไม่ จำกัด - รายเดือน,ደረት ኣልቦ - ወርሓዊ,Çäksiz - aýlyk,Sınırsız - Aylık,Чикләнмәгән - ай саен,چەكلىمىسىز - ئايلىق,Необмежений - щомісяця,لامحدود - ماہانہ,,Cheksiz - oylik,,Không giới hạn - hàng tháng,无限 - 每月,无限 - 每月,无限 - 每月,無限 - 每月,無限 - 每月,無限 - 每月,無限 - 每月
StoreLogo300x300,602,Relative path (or URL to file in Partner Center),,listing_Unlimited_Monthly_1.0.7.0/UnlimitedLogo.png,listing_Unlimited_Monthly_1.0.7.0/UnlimitedLogo.png,listing_Unlimited_Monthly_1.0.7.0/UnlimitedLogo.png,listing_Unlimited_Monthly_1.0.7.0/UnlimitedLogo.png,listing_Unlimited_Monthly_1.0.7.0/UnlimitedLogo.png,listing_Unlimited_Monthly_1.0.7.0/UnlimitedLogo.png,listing_Unlimited_Monthly_1.0.7.0/UnlimitedLogo.png,listing_Unlimited_Monthly_1.0.7.0/UnlimitedLogo.png,listing_Unlimited_Monthly_1.0.7.0/UnlimitedLogo.png,listing_Unlimited_Monthly_1.0.7.0/UnlimitedLogo.png,listing_Unlimited_Monthly_1.0.7.0/UnlimitedLogo.png,listing_Unlimited_Monthly_1.0.7.0/UnlimitedLogo.png,listing_Unlimited_Monthly_1.0.7.0/UnlimitedLogo.png,listing_Unlimited_Monthly_1.0.7.0/UnlimitedLogo.png,listing_Unlimited_Monthly_1.0.7.0/UnlimitedLogo.png,listing_Unlimited_Monthly_1.0.7.0/UnlimitedLogo.png,listing_Unlimited_Monthly_1.0.7.0/UnlimitedLogo.png,listing_Unlimited_Monthly_1.0.7.0/UnlimitedLogo.png,listing_Unlimited_Monthly_1.0.7.0/UnlimitedLogo.png,listing_Unlimited_Monthly_1.0.7.0/UnlimitedLogo.png,listing_Unlimited_Monthly_1.0.7.0/UnlimitedLogo.png,listing_Unlimited_Monthly_1.0.7.0/UnlimitedLogo.png,listing_Unlimited_Monthly_1.0.7.0/UnlimitedLogo.png,listing_Unlimited_Monthly_1.0.7.0/UnlimitedLogo.png,listing_Unlimited_Monthly_1.0.7.0/UnlimitedLogo.png,listing_Unlimited_Monthly_1.0.7.0/UnlimitedLogo.png,listing_Unlimited_Monthly_1.0.7.0/UnlimitedLogo.png,listing_Unlimited_Monthly_1.0.7.0/UnlimitedLogo.png,listing_Unlimited_Monthly_1.0.7.0/UnlimitedLogo.png,listing_Unlimited_Monthly_1.0.7.0/UnlimitedLogo.png,listing_Unlimited_Monthly_1.0.7.0/UnlimitedLogo.png,listing_Unlimited_Monthly_1.0.7.0/UnlimitedLogo.png,listing_Unlimited_Monthly_1.0.7.0/UnlimitedLogo.png,listing_Unlimited_Monthly_1.0.7.0/UnlimitedLogo.png,listing_Unlimited_Monthly_1.0.7.0/UnlimitedLogo.png,listing_Unlimited_Monthly_1.0.7.0/UnlimitedLogo.png,listing_Unlimited_Monthly_1.0.7.0/UnlimitedLogo.png,listing_Unlimited_Monthly_1.0.7.0/UnlimitedLogo.png,listing_Unlimited_Monthly_1.0.7.0/UnlimitedLogo.png,listing_Unlimited_Monthly_1.0.7.0/UnlimitedLogo.png,listing_Unlimited_Monthly_1.0.7.0/UnlimitedLogo.png,listing_Unlimited_Monthly_1.0.7.0/UnlimitedLogo.png,listing_Unlimited_Monthly_1.0.7.0/UnlimitedLogo.png,listing_Unlimited_Monthly_1.0.7.0/UnlimitedLogo.png,listing_Unlimited_Monthly_1.0.7.0/UnlimitedLogo.png,listing_Unlimited_Monthly_1.0.7.0/UnlimitedLogo.png,listing_Unlimited_Monthly_1.0.7.0/UnlimitedLogo.png,listing_Unlimited_Monthly_1.0.7.0/UnlimitedLogo.png,listing_Unlimited_Monthly_1.0.7.0/UnlimitedLogo.png,listing_Unlimited_Monthly_1.0.7.0/UnlimitedLogo.png,listing_Unlimited_Monthly_1.0.7.0/UnlimitedLogo.png,listing_Unlimited_Monthly_1.0.7.0/UnlimitedLogo.png,listing_Unlimited_Monthly_1.0.7.0/UnlimitedLogo.png,listing_Unlimited_Monthly_1.0.7.0/UnlimitedLogo.png,listing_Unlimited_Monthly_1.0.7.0/UnlimitedLogo.png,listing_Unlimited_Monthly_1.0.7.0/UnlimitedLogo.png,listing_Unlimited_Monthly_1.0.7.0/UnlimitedLogo.png,listing_Unlimited_Monthly_1.0.7.0/UnlimitedLogo.png,listing_Unlimited_Monthly_1.0.7.0/UnlimitedLogo.png,listing_Unlimited_Monthly_1.0.7.0/UnlimitedLogo.png,listing_Unlimited_Monthly_1.0.7.0/UnlimitedLogo.png,listing_Unlimited_Monthly_1.0.7.0/UnlimitedLogo.png,listing_Unlimited_Monthly_1.0.7.0/UnlimitedLogo.png,listing_Unlimited_Monthly_1.0.7.0/UnlimitedLogo.png,listing_Unlimited_Monthly_1.0.7.0/UnlimitedLogo.png,listing_Unlimited_Monthly_1.0.7.0/UnlimitedLogo.png,listing_Unlimited_Monthly_1.0.7.0/UnlimitedLogo.png,listing_Unlimited_Monthly_1.0.7.0/UnlimitedLogo.png,listing_Unlimited_Monthly_1.0.7.0/UnlimitedLogo.png,listing_Unlimited_Monthly_1.0.7.0/UnlimitedLogo.png,listing_Unlimited_Monthly_1.0.7.0/UnlimitedLogo.png,listing_Unlimited_Monthly_1.0.7.0/UnlimitedLogo.png,listing_Unlimited_Monthly_1.0.7.0/UnlimitedLogo.png,listing_Unlimited_Monthly_1.0.7.0/UnlimitedLogo.png,listing_Unlimited_Monthly_1.0.7.0/UnlimitedLogo.png,listing_Unlimited_Monthly_1.0.7.0/UnlimitedLogo.png,listing_Unlimited_Monthly_1.0.7.0/UnlimitedLogo.png,listing_Unlimited_Monthly_1.0.7.0/UnlimitedLogo.png,listing_Unlimited_Monthly_1.0.7.0/UnlimitedLogo.png,listing_Unlimited_Monthly_1.0.7.0/UnlimitedLogo.png,listing_Unlimited_Monthly_1.0.7.0/UnlimitedLogo.png,listing_Unlimited_Monthly_1.0.7.0/UnlimitedLogo.png,listing_Unlimited_Monthly_1.0.7.0/UnlimitedLogo.png,listing_Unlimited_Monthly_1.0.7.0/UnlimitedLogo.png,listing_Unlimited_Monthly_1.0.7.0/UnlimitedLogo.png,listing_Unlimited_Monthly_1.0.7.0/UnlimitedLogo.png,listing_Unlimited_Monthly_1.0.7.0/UnlimitedLogo.png,listing_Unlimited_Monthly_1.0.7.0/UnlimitedLogo.png,listing_Unlimited_Monthly_1.0.7.0/UnlimitedLogo.png,listing_Unlimited_Monthly_1.0.7.0/UnlimitedLogo.png,listing_Unlimited_Monthly_1.0.7.0/UnlimitedLogo.png,listing_Unlimited_Monthly_1.0.7.0/UnlimitedLogo.png,listing_Unlimited_Monthly_1.0.7.0/UnlimitedLogo.png,listing_Unlimited_Monthly_1.0.7.0/UnlimitedLogo.png,listing_Unlimited_Monthly_1.0.7.0/UnlimitedLogo.png,listing_Unlimited_Monthly_1.0.7.0/UnlimitedLogo.png,listing_Unlimited_Monthly_1.0.7.0/UnlimitedLogo.png,listing_Unlimited_Monthly_1.0.7.0/UnlimitedLogo.png,listing_Unlimited_Monthly_1.0.7.0/UnlimitedLogo.png,listing_Unlimited_Monthly_1.0.7.0/UnlimitedLogo.png,listing_Unlimited_Monthly_1.0.7.0/UnlimitedLogo.png,listing_Unlimited_Monthly_1.0.7.0/UnlimitedLogo.png,listing_Unlimited_Monthly_1.0.7.0/UnlimitedLogo.png,listing_Unlimited_Monthly_1.0.7.0/UnlimitedLogo.png,listing_Unlimited_Monthly_1.0.7.0/UnlimitedLogo.png,listing_Unlimited_Monthly_1.0.7.0/UnlimitedLogo.png,listing_Unlimited_Monthly_1.0.7.0/UnlimitedLogo.png,listing_Unlimited_Monthly_1.0.7.0/UnlimitedLogo.png,listing_Unlimited_Monthly_1.0.7.0/UnlimitedLogo.png,listing_Unlimited_Monthly_1.0.7.0/UnlimitedLogo.png,listing_Unlimited_Monthly_1.0.7.0/UnlimitedLogo.png,listing_Unlimited_Monthly_1.0.7.0/UnlimitedLogo.png,listing_Unlimited_Monthly_1.0.7.0/UnlimitedLogo.png,listing_Unlimited_Monthly_1.0.7.0/UnlimitedLogo.png,listing_Unlimited_Monthly_1.0.7.0/UnlimitedLogo.png,listing_Unlimited_Monthly_1.0.7.0/UnlimitedLogo.png,listing_Unlimited_Monthly_1.0.7.0/UnlimitedLogo.png,listing_Unlimited_Monthly_1.0.7.0/UnlimitedLogo.png,listing_Unlimited_Monthly_1.0.7.0/UnlimitedLogo.png,listing_Unlimited_Monthly_1.0.7.0/UnlimitedLogo.png,listing_Unlimited_Monthly_1.0.7.0/UnlimitedLogo.png,listing_Unlimited_Monthly_1.0.7.0/UnlimitedLogo.png,listing_Unlimited_Monthly_1.0.7.0/UnlimitedLogo.png,listing_Unlimited_Monthly_1.0.7.0/UnlimitedLogo.png,listing_Unlimited_Monthly_1.0.7.0/UnlimitedLogo.png,listing_Unlimited_Monthly_1.0.7.0/UnlimitedLogo.png,listing_Unlimited_Monthly_1.0.7.0/UnlimitedLogo.png,listing_Unlimited_Monthly_1.0.7.0/UnlimitedLogo.png,listing_Unlimited_Monthly_1.0.7.0/UnlimitedLogo.png,listing_Unlimited_Monthly_1.0.7.0/UnlimitedLogo.png,listing_Unlimited_Monthly_1.0.7.0/UnlimitedLogo.png,listing_Unlimited_Monthly_1.0.7.0/UnlimitedLogo.png,listing_Unlimited_Monthly_1.0.7.0/UnlimitedLogo.png,listing_Unlimited_Monthly_1.0.7.0/UnlimitedLogo.png,listing_Unlimited_Monthly_1.0.7.0/UnlimitedLogo.png,listing_Unlimited_Monthly_1.0.7.0/UnlimitedLogo.png,listing_Unlimited_Monthly_1.0.7.0/UnlimitedLogo.png,listing_Unlimited_Monthly_1.0.7.0/UnlimitedLogo.png,listing_Unlimited_Monthly_1.0.7.0/UnlimitedLogo.png,listing_Unlimited_Monthly_1.0.7.0/UnlimitedLogo.png,listing_Unlimited_Monthly_1.0.7.0/UnlimitedLogo.png,listing_Unlimited_Monthly_1.0.7.0/UnlimitedLogo.png,listing_Unlimited_Monthly_1.0.7.0/UnlimitedLogo.png,listing_Unlimited_Monthly_1.0.7.0/UnlimitedLogo.png,listing_Unlimited_Monthly_1.0.7.0/UnlimitedLogo.png,listing_Unlimited_Monthly_1.0.7.0/UnlimitedLogo.png,listing_Unlimited_Monthly_1.0.7.0/UnlimitedLogo.png,listing_Unlimited_Monthly_1.0.7.0/UnlimitedLogo.png,listing_Unlimited_Monthly_1.0.7.0/UnlimitedLogo.png,listing_Unlimited_Monthly_1.0.7.0/UnlimitedLogo.png,listing_Unlimited_Monthly_1.0.7.0/UnlimitedLogo.png,listing_Unlimited_Monthly_1.0.7.0/UnlimitedLogo.png,listing_Unlimited_Monthly_1.0.7.0/UnlimitedLogo.png,listing_Unlimited_Monthly_1.0.7.0/UnlimitedLogo.png,listing_Unlimited_Monthly_1.0.7.0/UnlimitedLogo.png,listing_Unlimited_Monthly_1.0.7.0/UnlimitedLogo.png,listing_Unlimited_Monthly_1.0.7.0/UnlimitedLogo.png,listing_Unlimited_Monthly_1.0.7.0/UnlimitedLogo.png,listing_Unlimited_Monthly_1.0.7.0/UnlimitedLogo.png,listing_Unlimited_Monthly_1.0.7.0/UnlimitedLogo.png,listing_Unlimited_Monthly_1.0.7.0/UnlimitedLogo.png,listing_Unlimited_Monthly_1.0.7.0/UnlimitedLogo.png,listing_Unlimited_Monthly_1.0.7.0/UnlimitedLogo.png,listing_Unlimited_Monthly_1.0.7.0/UnlimitedLogo.png,listing_Unlimited_Monthly_1.0.7.0/UnlimitedLogo.png,listing_Unlimited_Monthly_1.0.7.0/UnlimitedLogo.png,listing_Unlimited_Monthly_1.0.7.0/UnlimitedLogo.png,listing_Unlimited_Monthly_1.0.7.0/UnlimitedLogo.png,listing_Unlimited_Monthly_1.0.7.0/UnlimitedLogo.png,listing_Unlimited_Monthly_1.0.7.0/UnlimitedLogo.png,listing_Unlimited_Monthly_1.0.7.0/UnlimitedLogo.png,listing_Unlimited_Monthly_1.0.7.0/UnlimitedLogo.png
